article_id,event_id,state_code,title,source_name,source_url,published_date,fetched_via,url_resolved,is_primary,state_basis,classifier,relevance_score,matched_terms
ART-00001,EVT-0001,IN-MH,Maharashtra launches state AI Mission with focus on public services,Mock Times,https://example.com/mock/mock-times/evt-0001-1,2026-02-14,google_news_rss,true,true,text,rules+semantic,0.1,ai:ai; gov:government
ART-00002,EVT-0002,IN-KA,AI pilot for agriculture expands across Karnataka districts,Mock Business Standard,https://example.com/mock/mock-business-standard/evt-0002-1,2026-03-23,google_news_rss,true,true,text,rules+semantic,0.289,ai:ai; gov:government
ART-00003,EVT-0003,IN-TG,Telangana partners a big-tech firm to build AI compute facility,Mock Tech Wire,https://example.com/mock/mock-tech-wire/evt-0003-1,2026-08-24,google_news_rss,true,true,text,rules+semantic,0.256,ai:ai; gov:government
ART-00004,EVT-0004,IN-KA,AI Centre of Excellence inaugurated in Bengaluru,Mock Gov Review,https://example.com/mock/mock-gov-review/evt-0004-1,2026-02-21,google_news_rss,true,true,text,rules+semantic,0.082,ai:ai; gov:government
ART-00006,EVT-0004,IN-KA,AI Centre of Excellence inaugurated in Bengaluru - report,Mock Chronicle,https://example.com/mock/mock-chronicle/evt-0004-3,2026-02-21,gnews,true,false,text,rules+semantic,0.23,ai:ai; gov:government
ART-00005,EVT-0004,IN-KA,AI Centre of Excellence inaugurated in Bengaluru - report,Mock Regional Post,https://example.com/mock/mock-regional-post/evt-0004-2,2026-02-22,google_news_rss,true,false,text,rules+semantic,0.222,ai:ai; gov:government
ART-00007,EVT-0005,IN-TG,"Telangana CM praises AI infrastructure, says state plans similar hub",Mock Regional Post,https://example.com/mock/mock-regional-post/evt-0005-1,2026-04-28,gdelt,true,true,text,rules+semantic,0.11,ai:ai; gov:government
ART-00008,EVT-0005,IN-TG,"Explained: Telangana CM praises AI infrastructure, says state plans similar hub",Mock Chronicle,https://example.com/mock/mock-chronicle/evt-0005-2,2026-04-28,google_news_rss,true,false,text,rules+semantic,0.21,ai:ai; gov:government
ART-00010,EVT-0005,IN-TG,"Explained: Telangana CM praises AI infrastructure, says state plans similar hub",Mock Daily,https://example.com/mock/mock-daily/evt-0005-4,2026-04-28,gnews,true,false,text,rules+semantic,0.151,ai:ai; gov:government
ART-00009,EVT-0005,IN-TG,"Telangana CM praises artificial intelligence infrastructure, says state plans similar hub",Mock Herald,https://example.com/mock/mock-herald/evt-0005-3,2026-04-30,google_news_rss,true,false,text,rules+semantic,0.109,ai:ai; gov:government
ART-00011,EVT-0006,IN-CENTRAL,AI Centre of Excellence inaugurated in New Delhi,Mock Chronicle,https://example.com/mock/mock-chronicle/evt-0006-1,2026-02-26,gdelt,true,true,text,rules+semantic,0.195,ai:ai; gov:government
ART-00014,EVT-0006,IN-CENTRAL,AI Centre of Excellence inaugurated in New Delhi,Mock Times,https://example.com/mock/mock-times/evt-0006-4,2026-02-26,gnews,true,false,text,rules+semantic,0.235,ai:ai; gov:government
ART-00012,EVT-0006,IN-CENTRAL,AI Centre of Excellence inaugurated in New Delhi,Mock Herald,https://example.com/mock/mock-herald/evt-0006-2,2026-02-28,gnews,true,false,text,rules+semantic,0.299,ai:ai; gov:government
ART-00013,EVT-0006,IN-CENTRAL,Explained: AI Centre of Excellence inaugurated in New Delhi,Mock Daily,https://example.com/mock/mock-daily/evt-0006-3,2026-03-02,gnews,true,false,text,rules+semantic,0.264,ai:ai; gov:government
ART-00015,EVT-0007,IN-TN,AI pilot for urban expands across Tamil Nadu districts,Mock Herald,https://example.com/mock/mock-herald/evt-0007-1,2026-06-02,google_news_rss,true,true,text,rules+semantic,0.08,ai:ai; gov:government
ART-00016,EVT-0007,IN-TN,AI pilot for urban expands across Tamil Nadu districts,Mock Daily,https://example.com/mock/mock-daily/evt-0007-2,2026-06-02,gnews,true,false,text,rules+semantic,0.124,ai:ai; gov:government
ART-00017,EVT-0008,IN-CENTRAL,Centre floats tender for AI-based agriculture system,Mock Daily,https://example.com/mock/mock-daily/evt-0008-1,2026-02-10,gnews,true,true,text,rules+semantic,0.239,ai:ai; gov:government
ART-00018,EVT-0008,IN-CENTRAL,Centre floats tender for AI-based agriculture system,Mock Times,https://example.com/mock/mock-times/evt-0008-2,2026-02-10,gnews,true,false,text,rules+semantic,0.083,ai:ai; gov:government
ART-00020,EVT-0008,IN-CENTRAL,Explained: Centre floats tender for AI-based agriculture system,Mock Tech Wire,https://example.com/mock/mock-tech-wire/evt-0008-4,2026-02-10,gdelt,true,false,text,rules+semantic,0.299,ai:ai; gov:government
ART-00019,EVT-0008,IN-CENTRAL,Centre floats tender for AI-based agriculture system,Mock Business Standard,https://example.com/mock/mock-business-standard/evt-0008-3,2026-02-14,google_news_rss,true,false,text,rules+semantic,0.282,ai:ai; gov:government
ART-00021,EVT-0009,IN-KA,AI Centre of Excellence inaugurated in Bengaluru,Mock Times,https://example.com/mock/mock-times/evt-0009-1,2026-01-04,google_news_rss,true,true,text,rules+semantic,0.264,ai:ai; gov:government
ART-00022,EVT-0010,IN-TG,Telangana budget earmarks Rs 500 crore for AI,Mock Business Standard,https://example.com/mock/mock-business-standard/evt-0010-1,2026-08-31,google_news_rss,true,true,text,rules+semantic,0.065,ai:ai; gov:government
ART-00024,EVT-0010,IN-TG,Telangana budget earmarks Rs 500 crore for AI,Mock Gov Review,https://example.com/mock/mock-gov-review/evt-0010-3,2026-08-31,google_news_rss,true,false,text,rules+semantic,0.145,ai:ai; gov:government
ART-00025,EVT-0010,IN-TG,Telangana budget earmarks Rs 500 crore for AI,Mock Regional Post,https://example.com/mock/mock-regional-post/evt-0010-4,2026-09-01,google_news_rss,true,false,text,rules+semantic,0.09,ai:ai; gov:government
ART-00023,EVT-0010,IN-TG,Explained: Telangana budget earmarks Rs 500 crore for AI,Mock Tech Wire,https://example.com/mock/mock-tech-wire/evt-0010-2,2026-09-02,gdelt,true,false,text,rules+semantic,0.147,ai:ai; gov:government
ART-00026,EVT-0011,IN-KA,Karnataka rolls out AI tool in education department,Mock Tech Wire,https://example.com/mock/mock-tech-wire/evt-0011-1,2026-02-20,google_news_rss,true,true,text,rules+semantic,0.083,ai:ai; gov:government
ART-00028,EVT-0011,IN-KA,Karnataka rolls out AI tool in education department - report,Mock Regional Post,https://example.com/mock/mock-regional-post/evt-0011-3,2026-02-20,gdelt,true,false,text,rules+semantic,0.041,ai:ai; gov:government
ART-00031,EVT-0011,IN-KA,Karnataka rolls out AI tool in education department,Mock Daily,https://example.com/mock/mock-daily/evt-0011-6,2026-02-20,gnews,true,false,text,rules+semantic,0.231,ai:ai; gov:government
ART-00032,EVT-0011,IN-KA,Explained: Karnataka rolls out AI tool in education department,Mock Times,https://example.com/mock/mock-times/evt-0011-7,2026-02-20,google_news_rss,true,false,text,rules+semantic,0.053,ai:ai; gov:government
ART-00034,EVT-0011,IN-KA,Karnataka rolls out AI tool in education department - report,Mock Tech Wire,https://example.com/mock/mock-tech-wire/evt-0011-9,2026-02-20,google_news_rss,true,false,text,rules+semantic,0.195,ai:ai; gov:government
ART-00027,EVT-0011,IN-KA,Karnataka rolls out artificial intelligence tool in education department,Mock Gov Review,https://example.com/mock/mock-gov-review/evt-0011-2,2026-02-22,google_news_rss,true,false,text,rules+semantic,0.265,ai:ai; gov:government
ART-00029,EVT-0011,IN-KA,Explained: Karnataka rolls out AI tool in education department,Mock Chronicle,https://example.com/mock/mock-chronicle/evt-0011-4,2026-02-22,gdelt,true,false,text,rules+semantic,0.114,ai:ai; gov:government
ART-00033,EVT-0011,IN-KA,Karnataka rolls out AI tool in education department - report,Mock Business Standard,https://example.com/mock/mock-business-standard/evt-0011-8,2026-02-22,google_news_rss,true,false,text,rules+semantic,0.29,ai:ai; gov:government
ART-00030,EVT-0011,IN-KA,Karnataka rolls out artificial intelligence tool in education department,Mock Herald,https://example.com/mock/mock-herald/evt-0011-5,2026-02-24,google_news_rss,true,false,text,rules+semantic,0.089,ai:ai; gov:government
ART-00035,EVT-0012,IN-KA,"Karnataka CM praises AI infrastructure, says state plans similar hub",Mock Gov Review,https://example.com/mock/mock-gov-review/evt-0012-1,2026-02-11,google_news_rss,true,true,text,rules+semantic,0.214,ai:ai; gov:government
ART-00038,EVT-0012,IN-KA,"Karnataka CM praises AI infrastructure, says state plans similar hub",Mock Herald,https://example.com/mock/mock-herald/evt-0012-4,2026-02-11,gdelt,true,false,text,rules+semantic,0.202,ai:ai; gov:government
ART-00036,EVT-0012,IN-KA,"Karnataka CM praises AI infrastructure, says state plans similar hub - report",Mock Regional Post,https://example.com/mock/mock-regional-post/evt-0012-2,2026-02-12,google_news_rss,true,false,text,rules+semantic,0.143,ai:ai; gov:government
ART-00037,EVT-0012,IN-KA,"Karnataka CM praises artificial intelligence infrastructure, says state plans similar hub",Mock Chronicle,https://example.com/mock/mock-chronicle/evt-0012-3,2026-02-12,google_news_rss,true,false,text,rules+semantic,0.282,ai:ai; gov:government
ART-00039,EVT-0012,IN-KA,"Karnataka CM praises AI infrastructure, says state plans similar hub",Mock Daily,https://example.com/mock/mock-daily/evt-0012-5,2026-02-15,google_news_rss,true,false,text,rules+semantic,0.18,ai:ai; gov:government
ART-00040,EVT-0012,IN-KA,"Explained: Karnataka CM praises AI infrastructure, says state plans similar hub",Mock Times,https://example.com/mock/mock-times/evt-0012-6,2026-02-15,google_news_rss,true,false,text,rules+semantic,0.283,ai:ai; gov:government
ART-00041,EVT-0013,IN-TG,AI Centre of Excellence inaugurated in Hyderabad,Mock Regional Post,https://example.com/mock/mock-regional-post/evt-0013-1,2026-01-05,google_news_rss,true,true,text,rules+semantic,0.284,ai:ai; gov:government
ART-00042,EVT-0013,IN-TG,Explained: AI Centre of Excellence inaugurated in Hyderabad,Mock Chronicle,https://example.com/mock/mock-chronicle/evt-0013-2,2026-01-05,google_news_rss,true,false,text,rules+semantic,0.271,ai:ai; gov:government
ART-00044,EVT-0013,IN-TG,Explained: AI Centre of Excellence inaugurated in Hyderabad,Mock Daily,https://example.com/mock/mock-daily/evt-0013-4,2026-01-05,google_news_rss,true,false,text,rules+semantic,0.219,ai:ai; gov:government
ART-00046,EVT-0013,IN-TG,AI Centre of Excellence inaugurated in Hyderabad,Mock Business Standard,https://example.com/mock/mock-business-standard/evt-0013-6,2026-01-05,gdelt,true,false,text,rules+semantic,0.256,ai:ai; gov:government
ART-00045,EVT-0013,IN-TG,AI Centre of Excellence inaugurated in Hyderabad,Mock Times,https://example.com/mock/mock-times/evt-0013-5,2026-01-06,google_news_rss,true,false,text,rules+semantic,0.275,ai:ai; gov:government
ART-00043,EVT-0013,IN-TG,AI Centre of Excellence inaugurated in Hyderabad - report,Mock Herald,https://example.com/mock/mock-herald/evt-0013-3,2026-01-09,google_news_rss,true,false,text,rules+semantic,0.113,ai:ai; gov:government
ART-00047,EVT-0014,IN-TG,AI Centre of Excellence inaugurated in Hyderabad,Mock Chronicle,https://example.com/mock/mock-chronicle/evt-0014-1,2026-08-07,google_news_rss,true,true,text,rules+semantic,0.182,ai:ai; gov:government
ART-00048,EVT-0015,IN-TN,Tamil Nadu launches state AI Mission with focus on public services,Mock Herald,https://example.com/mock/mock-herald/evt-0015-1,2026-07-03,google_news_rss,true,true,text,rules+semantic,0.243,ai:ai; gov:government
ART-00050,EVT-0015,IN-TN,Tamil Nadu launches state artificial intelligence Mission with focus on public services,Mock Times,https://example.com/mock/mock-times/evt-0015-3,2026-07-03,google_news_rss,true,false,text,rules+semantic,0.087,ai:ai; gov:government
ART-00049,EVT-0015,IN-TN,Tamil Nadu launches state AI Mission with focus on public services - report,Mock Daily,https://example.com/mock/mock-daily/evt-0015-2,2026-07-05,google_news_rss,true,false,text,rules+semantic,0.265,ai:ai; gov:government
ART-00051,EVT-0016,IN-TG,Telangana issues guidelines on AI use by government departments,Mock Daily,https://example.com/mock/mock-daily/evt-0016-1,2026-04-24,google_news_rss,true,true,text,rules+semantic,0.098,ai:ai; gov:government
ART-00052,EVT-0016,IN-TG,Telangana issues guidelines on artificial intelligence use by government departments,Mock Times,https://example.com/mock/mock-times/evt-0016-2,2026-04-24,google_news_rss,true,false,text,rules+semantic,0.112,ai:ai; gov:government
ART-00053,EVT-0017,IN-TG,AI pilot for health expands across Telangana districts,Mock Times,https://example.com/mock/mock-times/evt-0017-1,2026-05-16,google_news_rss,true,true,text,rules+semantic,0.153,ai:ai; gov:government
ART-00054,EVT-0017,IN-TG,AI pilot for health expands across Telangana districts,Mock Business Standard,https://example.com/mock/mock-business-standard/evt-0017-2,2026-05-20,gdelt,true,false,text,rules+semantic,0.274,ai:ai; gov:government
ART-00055,EVT-0018,IN-KA,Karnataka rolls out AI tool in policing department,Mock Business Standard,https://example.com/mock/mock-business-standard/evt-0018-1,2026-03-05,gdelt,true,true,text,rules+semantic,0.125,ai:ai; gov:government
ART-00056,EVT-0018,IN-KA,Karnataka rolls out AI tool in policing department - report,Mock Tech Wire,https://example.com/mock/mock-tech-wire/evt-0018-2,2026-03-06,google_news_rss,true,false,text,rules+semantic,0.149,ai:ai; gov:government
ART-00057,EVT-0019,IN-TN,Tamil Nadu floats tender for AI-based policing system,Mock Tech Wire,https://example.com/mock/mock-tech-wire/evt-0019-1,2026-04-20,google_news_rss,true,true,text,rules+semantic,0.174,ai:ai; gov:government
ART-00059,EVT-0019,IN-TN,Explained: Tamil Nadu floats tender for AI-based policing system,Mock Regional Post,https://example.com/mock/mock-regional-post/evt-0019-3,2026-04-20,google_news_rss,true,false,text,rules+semantic,0.25,ai:ai; gov:government
ART-00058,EVT-0019,IN-TN,Explained: Tamil Nadu floats tender for AI-based policing system,Mock Gov Review,https://example.com/mock/mock-gov-review/evt-0019-2,2026-04-24,google_news_rss,true,false,text,rules+semantic,0.253,ai:ai; gov:government
ART-00060,EVT-0020,IN-KA,"Karnataka CM praises AI infrastructure, says state plans similar hub",Mock Gov Review,https://example.com/mock/mock-gov-review/evt-0020-1,2026-04-10,google_news_rss,true,true,text,rules+semantic,0.078,ai:ai; gov:government
ART-00061,EVT-0020,IN-KA,"Karnataka CM praises AI infrastructure, says state plans similar hub",Mock Regional Post,https://example.com/mock/mock-regional-post/evt-0020-2,2026-04-10,gdelt,true,false,text,rules+semantic,0.097,ai:ai; gov:government
ART-00062,EVT-0021,IN-DL,Delhi sets up AI task force under IT department,Mock Regional Post,https://example.com/mock/mock-regional-post/evt-0021-1,2026-06-12,gnews,true,true,text,rules+semantic,0.252,ai:ai; gov:government
ART-00064,EVT-0021,IN-DL,Delhi sets up artificial intelligence task force under IT department,Mock Herald,https://example.com/mock/mock-herald/evt-0021-3,2026-06-12,gdelt,true,false,text,rules+semantic,0.107,ai:ai; gov:government
ART-00065,EVT-0021,IN-DL,Explained: Delhi sets up AI task force under IT department,Mock Daily,https://example.com/mock/mock-daily/evt-0021-4,2026-06-12,gnews,true,false,text,rules+semantic,0.166,ai:ai; gov:government
ART-00066,EVT-0021,IN-DL,Explained: Delhi sets up AI task force under IT department,Mock Times,https://example.com/mock/mock-times/evt-0021-5,2026-06-12,gdelt,true,false,text,rules+semantic,0.06,ai:ai; gov:government
ART-00067,EVT-0021,IN-DL,Delhi sets up AI task force under IT department - report,Mock Business Standard,https://example.com/mock/mock-business-standard/evt-0021-6,2026-06-13,google_news_rss,true,false,text,rules+semantic,0.127,ai:ai; gov:government
ART-00063,EVT-0021,IN-DL,Delhi sets up artificial intelligence task force under IT department,Mock Chronicle,https://example.com/mock/mock-chronicle/evt-0021-2,2026-06-16,gnews,true,false,text,rules+semantic,0.156,ai:ai; gov:government
ART-00068,EVT-0022,IN-KA,Karnataka signs MoU with a global cloud provider for AI skilling,Mock Chronicle,https://example.com/mock/mock-chronicle/evt-0022-1,2026-07-28,google_news_rss,true,true,text,rules+semantic,0.257,ai:ai; gov:government
ART-00069,EVT-0022,IN-KA,Karnataka signs MoU with a global cloud provider for AI skilling,Mock Herald,https://example.com/mock/mock-herald/evt-0022-2,2026-07-30,gnews,true,false,text,rules+semantic,0.139,ai:ai; gov:government
ART-00070,EVT-0023,IN-TG,Telangana partners an AI startup consortium to build AI compute facility,Mock Herald,https://example.com/mock/mock-herald/evt-0023-1,2026-04-23,google_news_rss,true,true,text,rules+semantic,0.141,ai:ai; gov:government
ART-00071,EVT-0023,IN-TG,Telangana partners an AI startup consortium to build AI compute facility - report,Mock Daily,https://example.com/mock/mock-daily/evt-0023-2,2026-04-25,gdelt,true,false,text,rules+semantic,0.279,ai:ai; gov:government
ART-00072,EVT-0024,IN-MH,Maharashtra budget earmarks Rs 50 crore for AI,Mock Daily,https://example.com/mock/mock-daily/evt-0024-1,2026-04-04,gdelt,true,true,text,rules+semantic,0.125,ai:ai; gov:government
ART-00073,EVT-0024,IN-MH,Explained: Maharashtra budget earmarks Rs 50 crore for AI,Mock Times,https://example.com/mock/mock-times/evt-0024-2,2026-04-06,gdelt,true,false,text,rules+semantic,0.106,ai:ai; gov:government
ART-00074,EVT-0025,IN-KA,AI pilot for agriculture expands across Karnataka districts,Mock Times,https://example.com/mock/mock-times/evt-0025-1,2026-01-21,google_news_rss,true,true,text,rules+semantic,0.202,ai:ai; gov:government
ART-00075,EVT-0026,IN-TN,Tamil Nadu unveils AI policy targeting 1000 startups by 2030,Mock Business Standard,https://example.com/mock/mock-business-standard/evt-0026-1,2026-03-27,google_news_rss,true,true,text,rules+semantic,0.291,ai:ai; gov:government
ART-00076,EVT-0026,IN-TN,Tamil Nadu unveils AI policy targeting 1000 startups by 2030,Mock Tech Wire,https://example.com/mock/mock-tech-wire/evt-0026-2,2026-03-27,google_news_rss,true,false,text,rules+semantic,0.19,ai:ai; gov:government
ART-00078,EVT-0026,IN-TN,Tamil Nadu unveils AI policy targeting 1000 startups by 2030,Mock Regional Post,https://example.com/mock/mock-regional-post/evt-0026-4,2026-03-27,google_news_rss,true,false,text,rules+semantic,0.261,ai:ai; gov:government
ART-00077,EVT-0026,IN-TN,Tamil Nadu unveils artificial intelligence policy targeting 1000 startups by 2030,Mock Gov Review,https://example.com/mock/mock-gov-review/evt-0026-3,2026-03-29,google_news_rss,true,false,text,rules+semantic,0.06,ai:ai; gov:government
ART-00079,EVT-0027,IN-TG,AI pilot for health expands across Telangana districts,Mock Tech Wire,https://example.com/mock/mock-tech-wire/evt-0027-1,2026-08-04,google_news_rss,true,true,text,rules+semantic,0.205,ai:ai; gov:government
ART-00080,EVT-0028,IN-KA,AI pilot for urban expands across Karnataka districts,Mock Gov Review,https://example.com/mock/mock-gov-review/evt-0028-1,2026-08-27,google_news_rss,true,true,text,rules+semantic,0.256,ai:ai; gov:government
ART-00081,EVT-0028,IN-KA,Explained: AI pilot for urban expands across Karnataka districts,Mock Regional Post,https://example.com/mock/mock-regional-post/evt-0028-2,2026-08-27,gdelt,true,false,text,rules+semantic,0.103,ai:ai; gov:government
ART-00082,EVT-0029,IN-KA,Karnataka floats tender for AI-based education system,Mock Regional Post,https://example.com/mock/mock-regional-post/evt-0029-1,2026-05-22,gdelt,true,true,text,rules+semantic,0.167,ai:ai; gov:government
ART-00083,EVT-0030,IN-MH,Maharashtra rolls out AI tool in health department,Mock Chronicle,https://example.com/mock/mock-chronicle/evt-0030-1,2026-06-06,gnews,true,true,text,rules+semantic,0.129,ai:ai; gov:government
ART-00084,EVT-0030,IN-MH,Explained: Maharashtra rolls out AI tool in health department,Mock Herald,https://example.com/mock/mock-herald/evt-0030-2,2026-06-10,google_news_rss,true,false,text,rules+semantic,0.223,ai:ai; gov:government
ART-00085,EVT-0031,IN-TG,Telangana announces Rs 50 crore AI fund for startups,Mock Herald,https://example.com/mock/mock-herald/evt-0031-1,2026-09-05,google_news_rss,true,true,text,rules+semantic,0.117,ai:ai; gov:government
ART-00088,EVT-0031,IN-TG,Explained: Telangana announces Rs 50 crore AI fund for startups,Mock Business Standard,https://example.com/mock/mock-business-standard/evt-0031-4,2026-09-05,google_news_rss,true,false,text,rules+semantic,0.206,ai:ai; gov:government
ART-00091,EVT-0031,IN-TG,Explained: Telangana announces Rs 50 crore AI fund for startups,Mock Regional Post,https://example.com/mock/mock-regional-post/evt-0031-7,2026-09-05,gdelt,true,false,text,rules+semantic,0.07,ai:ai; gov:government
ART-00092,EVT-0031,IN-TG,Telangana announces Rs 50 crore artificial intelligence fund for startups,Mock Chronicle,https://example.com/mock/mock-chronicle/evt-0031-8,2026-09-05,gdelt,true,false,text,rules+semantic,0.059,ai:ai; gov:government
ART-00093,EVT-0031,IN-TG,Telangana announces Rs 50 crore AI fund for startups - report,Mock Herald,https://example.com/mock/mock-herald/evt-0031-9,2026-09-05,google_news_rss,true,false,text,rules+semantic,0.251,ai:ai; gov:government
ART-00086,EVT-0031,IN-TG,Telangana announces Rs 50 crore AI fund for startups - report,Mock Daily,https://example.com/mock/mock-daily/evt-0031-2,2026-09-06,google_news_rss,true,false,text,rules+semantic,0.044,ai:ai; gov:government
ART-00089,EVT-0031,IN-TG,Telangana announces Rs 50 crore AI fund for startups,Mock Tech Wire,https://example.com/mock/mock-tech-wire/evt-0031-5,2026-09-07,google_news_rss,true,false,text,rules+semantic,0.189,ai:ai; gov:government
ART-00090,EVT-0031,IN-TG,Telangana announces Rs 50 crore artificial intelligence fund for startups,Mock Gov Review,https://example.com/mock/mock-gov-review/evt-0031-6,2026-09-07,gdelt,true,false,text,rules+semantic,0.129,ai:ai; gov:government
ART-00087,EVT-0031,IN-TG,Telangana announces Rs 50 crore AI fund for startups - report,Mock Times,https://example.com/mock/mock-times/evt-0031-3,2026-09-09,google_news_rss,true,false,text,rules+semantic,0.052,ai:ai; gov:government
ART-00094,EVT-0032,IN-KA,Karnataka issues guidelines on AI use by government departments,Mock Daily,https://example.com/mock/mock-daily/evt-0032-1,2026-08-15,gnews,true,true,text,rules+semantic,0.056,ai:ai; gov:government
ART-00095,EVT-0032,IN-KA,Karnataka issues guidelines on AI use by government departments - report,Mock Times,https://example.com/mock/mock-times/evt-0032-2,2026-08-15,google_news_rss,true,false,text,rules+semantic,0.109,ai:ai; gov:government
ART-00096,EVT-0033,IN-TG,Telangana rolls out AI tool in health department,Mock Times,https://example.com/mock/mock-times/evt-0033-1,2026-04-29,gdelt,true,true,text,rules+semantic,0.059,ai:ai; gov:government
ART-00097,EVT-0033,IN-TG,Explained: Telangana rolls out AI tool in health department,Mock Business Standard,https://example.com/mock/mock-business-standard/evt-0033-2,2026-04-29,gnews,true,false,text,rules+semantic,0.212,ai:ai; gov:government
ART-00098,EVT-0033,IN-TG,Telangana rolls out artificial intelligence tool in health department,Mock Tech Wire,https://example.com/mock/mock-tech-wire/evt-0033-3,2026-04-29,google_news_rss,true,false,text,rules+semantic,0.182,ai:ai; gov:government
ART-00099,EVT-0034,IN-GJ,Gujarat unveils AI policy targeting 2000 startups by 2030,Mock Business Standard,https://example.com/mock/mock-business-standard/evt-0034-1,2026-05-28,gdelt,true,true,text,rules+semantic,0.285,ai:ai; gov:government
ART-00101,EVT-0034,IN-GJ,Gujarat unveils artificial intelligence policy targeting 2000 startups by 2030,Mock Gov Review,https://example.com/mock/mock-gov-review/evt-0034-3,2026-05-28,google_news_rss,true,false,text,rules+semantic,0.197,ai:ai; gov:government
ART-00100,EVT-0034,IN-GJ,Gujarat unveils artificial intelligence policy targeting 2000 startups by 2030,Mock Tech Wire,https://example.com/mock/mock-tech-wire/evt-0034-2,2026-06-01,gdelt,true,false,text,rules+semantic,0.061,ai:ai; gov:government
ART-00102,EVT-0035,IN-TG,Telangana budget earmarks Rs 500 crore for AI,Mock Tech Wire,https://example.com/mock/mock-tech-wire/evt-0035-1,2026-01-21,gdelt,true,true,text,rules+semantic,0.278,ai:ai; gov:government
ART-00103,EVT-0035,IN-TG,Telangana budget earmarks Rs 500 crore for AI,Mock Gov Review,https://example.com/mock/mock-gov-review/evt-0035-2,2026-01-21,gdelt,true,false,text,rules+semantic,0.292,ai:ai; gov:government
ART-00104,EVT-0036,IN-TG,Telangana budget earmarks Rs 100 crore for AI,Mock Gov Review,https://example.com/mock/mock-gov-review/evt-0036-1,2026-01-19,google_news_rss,true,true,text,rules+semantic,0.292,ai:ai; gov:government
ART-00105,EVT-0037,IN-MH,AI pilot for health expands across Maharashtra districts,Mock Regional Post,https://example.com/mock/mock-regional-post/evt-0037-1,2026-08-15,google_news_rss,true,true,text,rules+semantic,0.281,ai:ai; gov:government
ART-00106,EVT-0038,IN-KA,Karnataka rolls out AI tool in revenue department,Mock Chronicle,https://example.com/mock/mock-chronicle/evt-0038-1,2026-02-17,google_news_rss,true,true,text,rules+semantic,0.208,ai:ai; gov:government
ART-00107,EVT-0038,IN-KA,Karnataka rolls out artificial intelligence tool in revenue department,Mock Herald,https://example.com/mock/mock-herald/evt-0038-2,2026-02-17,google_news_rss,true,false,text,rules+semantic,0.172,ai:ai; gov:government
ART-00108,EVT-0039,IN-CENTRAL,Centre signs MoU with a chipmaker for AI skilling,Mock Herald,https://example.com/mock/mock-herald/evt-0039-1,2026-09-18,google_news_rss,true,true,text,rules+semantic,0.241,ai:ai; gov:government
ART-00110,EVT-0039,IN-CENTRAL,Explained: Centre signs MoU with a chipmaker for AI skilling,Mock Times,https://example.com/mock/mock-times/evt-0039-3,2026-09-18,google_news_rss,true,false,text,rules+semantic,0.258,ai:ai; gov:government
ART-00109,EVT-0039,IN-CENTRAL,Explained: Centre signs MoU with a chipmaker for AI skilling,Mock Daily,https://example.com/mock/mock-daily/evt-0039-2,2026-09-20,gnews,true,false,text,rules+semantic,0.109,ai:ai; gov:government
ART-00112,EVT-0039,IN-CENTRAL,Explained: Centre signs MoU with a chipmaker for AI skilling,Mock Tech Wire,https://example.com/mock/mock-tech-wire/evt-0039-5,2026-09-20,google_news_rss,true,false,text,rules+semantic,0.183,ai:ai; gov:government
ART-00111,EVT-0039,IN-CENTRAL,Centre signs MoU with a chipmaker for artificial intelligence skilling,Mock Business Standard,https://example.com/mock/mock-business-standard/evt-0039-4,2026-09-22,google_news_rss,true,false,text,rules+semantic,0.156,ai:ai; gov:government
ART-00113,EVT-0039,IN-CENTRAL,Centre signs MoU with a chipmaker for artificial intelligence skilling,Mock Gov Review,https://example.com/mock/mock-gov-review/evt-0039-6,2026-09-22,gdelt,true,false,text,rules+semantic,0.283,ai:ai; gov:government
ART-00114,EVT-0040,IN-MH,Maharashtra partners an AI startup consortium to build AI compute facility,Mock Daily,https://example.com/mock/mock-daily/evt-0040-1,2026-07-17,google_news_rss,true,true,text,rules+semantic,0.169,ai:ai; gov:government
ART-00115,EVT-0040,IN-MH,Maharashtra partners an AI startup consortium to build AI compute facility - report,Mock Times,https://example.com/mock/mock-times/evt-0040-2,2026-07-17,gnews,true,false,text,rules+semantic,0.291,ai:ai; gov:government
ART-00116,EVT-0040,IN-MH,Maharashtra partners an AI startup consortium to build AI compute facility,Mock Business Standard,https://example.com/mock/mock-business-standard/evt-0040-3,2026-07-18,gdelt,true,false,text,rules+semantic,0.066,ai:ai; gov:government
ART-00117,EVT-0040,IN-MH,Maharashtra partners an AI startup consortium to build AI compute facility,Mock Tech Wire,https://example.com/mock/mock-tech-wire/evt-0040-4,2026-07-19,google_news_rss,true,false,text,rules+semantic,0.147,ai:ai; gov:government
ART-00118,EVT-0041,IN-TN,"Tamil Nadu CM praises AI infrastructure, says state plans similar hub",Mock Times,https://example.com/mock/mock-times/evt-0041-1,2026-02-11,gnews,true,true,text,rules+semantic,0.139,ai:ai; gov:government
ART-00120,EVT-0041,IN-TN,"Tamil Nadu CM praises AI infrastructure, says state plans similar hub - report",Mock Tech Wire,https://example.com/mock/mock-tech-wire/evt-0041-3,2026-02-11,google_news_rss,true,false,text,rules+semantic,0.299,ai:ai; gov:government
ART-00121,EVT-0041,IN-TN,"Tamil Nadu CM praises artificial intelligence infrastructure, says state plans similar hub",Mock Gov Review,https://example.com/mock/mock-gov-review/evt-0041-4,2026-02-11,google_news_rss,true,false,text,rules+semantic,0.238,ai:ai; gov:government
ART-00122,EVT-0041,IN-TN,"Tamil Nadu CM praises artificial intelligence infrastructure, says state plans similar hub",Mock Regional Post,https://example.com/mock/mock-regional-post/evt-0041-5,2026-02-11,google_news_rss,true,false,text,rules+semantic,0.22,ai:ai; gov:government
ART-00123,EVT-0041,IN-TN,"Tamil Nadu CM praises AI infrastructure, says state plans similar hub",Mock Chronicle,https://example.com/mock/mock-chronicle/evt-0041-6,2026-02-11,google_news_rss,true,false,text,rules+semantic,0.247,ai:ai; gov:government
ART-00119,EVT-0041,IN-TN,"Tamil Nadu CM praises artificial intelligence infrastructure, says state plans similar hub",Mock Business Standard,https://example.com/mock/mock-business-standard/evt-0041-2,2026-02-12,gnews,true,false,text,rules+semantic,0.049,ai:ai; gov:government
ART-00124,EVT-0042,IN-TN,Tamil Nadu partners a big-tech firm to build AI compute facility,Mock Business Standard,https://example.com/mock/mock-business-standard/evt-0042-1,2026-03-29,google_news_rss,true,true,text,rules+semantic,0.169,ai:ai; gov:government
ART-00126,EVT-0042,IN-TN,Tamil Nadu partners a big-tech firm to build artificial intelligence compute facility,Mock Gov Review,https://example.com/mock/mock-gov-review/evt-0042-3,2026-03-30,google_news_rss,true,false,text,rules+semantic,0.213,ai:ai; gov:government
ART-00125,EVT-0042,IN-TN,Tamil Nadu partners a big-tech firm to build AI compute facility - report,Mock Tech Wire,https://example.com/mock/mock-tech-wire/evt-0042-2,2026-04-02,google_news_rss,true,false,text,rules+semantic,0.16,ai:ai; gov:government
ART-00127,EVT-0043,IN-KA,"Karnataka CM praises AI infrastructure, says state plans similar hub",Mock Tech Wire,https://example.com/mock/mock-tech-wire/evt-0043-1,2026-05-09,gdelt,true,true,text,rules+semantic,0.262,ai:ai; gov:government
ART-00128,EVT-0044,IN-TG,Telangana partners an IIIT to build AI compute facility,Mock Gov Review,https://example.com/mock/mock-gov-review/evt-0044-1,2026-07-22,gdelt,true,true,text,rules+semantic,0.257,ai:ai; gov:government
ART-00130,EVT-0044,IN-TG,Telangana partners an IIIT to build AI compute facility - report,Mock Chronicle,https://example.com/mock/mock-chronicle/evt-0044-3,2026-07-22,gnews,true,false,text,rules+semantic,0.105,ai:ai; gov:government
ART-00131,EVT-0044,IN-TG,Telangana partners an IIIT to build AI compute facility,Mock Herald,https://example.com/mock/mock-herald/evt-0044-4,2026-07-22,google_news_rss,true,false,text,rules+semantic,0.12,ai:ai; gov:government
ART-00133,EVT-0044,IN-TG,Telangana partners an IIIT to build AI compute facility,Mock Times,https://example.com/mock/mock-times/evt-0044-6,2026-07-22,google_news_rss,true,false,text,rules+semantic,0.125,ai:ai; gov:government
ART-00129,EVT-0044,IN-TG,Telangana partners an IIIT to build AI compute facility - report,Mock Regional Post,https://example.com/mock/mock-regional-post/evt-0044-2,2026-07-23,gnews,true,false,text,rules+semantic,0.249,ai:ai; gov:government
ART-00132,EVT-0044,IN-TG,Telangana partners an IIIT to build AI compute facility,Mock Daily,https://example.com/mock/mock-daily/evt-0044-5,2026-07-24,gnews,true,false,text,rules+semantic,0.135,ai:ai; gov:government
ART-00134,EVT-0045,IN-KA,AI pilot for urban expands across Karnataka districts,Mock Regional Post,https://example.com/mock/mock-regional-post/evt-0045-1,2026-05-12,google_news_rss,true,true,text,rules+semantic,0.234,ai:ai; gov:government
ART-00136,EVT-0045,IN-KA,AI pilot for urban expands across Karnataka districts - report,Mock Herald,https://example.com/mock/mock-herald/evt-0045-3,2026-05-12,gdelt,true,false,text,rules+semantic,0.291,ai:ai; gov:government
ART-00138,EVT-0045,IN-KA,Explained: AI pilot for urban expands across Karnataka districts,Mock Times,https://example.com/mock/mock-times/evt-0045-5,2026-05-12,gnews,true,false,text,rules+semantic,0.072,ai:ai; gov:government
ART-00142,EVT-0045,IN-KA,AI pilot for urban expands across Karnataka districts,Mock Regional Post,https://example.com/mock/mock-regional-post/evt-0045-9,2026-05-12,google_news_rss,true,false,text,rules+semantic,0.209,ai:ai; gov:government
ART-00135,EVT-0045,IN-KA,AI pilot for urban expands across Karnataka districts,Mock Chronicle,https://example.com/mock/mock-chronicle/evt-0045-2,2026-05-13,gdelt,true,false,text,rules+semantic,0.29,ai:ai; gov:government
ART-00139,EVT-0045,IN-KA,Explained: AI pilot for urban expands across Karnataka districts,Mock Business Standard,https://example.com/mock/mock-business-standard/evt-0045-6,2026-05-13,gnews,true,false,text,rules+semantic,0.139,ai:ai; gov:government
ART-00140,EVT-0045,IN-KA,AI pilot for urban expands across Karnataka districts,Mock Tech Wire,https://example.com/mock/mock-tech-wire/evt-0045-7,2026-05-13,google_news_rss,true,false,text,rules+semantic,0.163,ai:ai; gov:government
ART-00137,EVT-0045,IN-KA,Explained: AI pilot for urban expands across Karnataka districts,Mock Daily,https://example.com/mock/mock-daily/evt-0045-4,2026-05-16,google_news_rss,true,false,text,rules+semantic,0.246,ai:ai; gov:government
ART-00141,EVT-0045,IN-KA,Explained: AI pilot for urban expands across Karnataka districts,Mock Gov Review,https://example.com/mock/mock-gov-review/evt-0045-8,2026-05-16,gnews,true,false,text,rules+semantic,0.098,ai:ai; gov:government
ART-00143,EVT-0046,IN-KA,Karnataka launches state AI Mission with focus on public services,Mock Chronicle,https://example.com/mock/mock-chronicle/evt-0046-1,2026-07-18,google_news_rss,true,true,text,rules+semantic,0.27,ai:ai; gov:government
ART-00144,EVT-0046,IN-KA,Karnataka launches state artificial intelligence Mission with focus on public services,Mock Herald,https://example.com/mock/mock-herald/evt-0046-2,2026-07-18,gnews,true,false,text,rules+semantic,0.146,ai:ai; gov:government
ART-00145,EVT-0046,IN-KA,Karnataka launches state AI Mission with focus on public services,Mock Daily,https://example.com/mock/mock-daily/evt-0046-3,2026-07-19,google_news_rss,true,false,text,rules+semantic,0.096,ai:ai; gov:government
ART-00146,EVT-0047,IN-KA,Karnataka announces Rs 50 crore AI fund for startups,Mock Herald,https://example.com/mock/mock-herald/evt-0047-1,2026-02-16,google_news_rss,true,true,text,rules+semantic,0.103,ai:ai; gov:government
ART-00147,EVT-0048,IN-KA,Karnataka issues guidelines on AI use by government departments,Mock Daily,https://example.com/mock/mock-daily/evt-0048-1,2026-06-18,google_news_rss,true,true,text,rules+semantic,0.297,ai:ai; gov:government
ART-00148,EVT-0049,IN-MH,Maharashtra unveils AI policy targeting 1000 startups by 2030,Mock Times,https://example.com/mock/mock-times/evt-0049-1,2026-01-09,gdelt,true,true,text,rules+semantic,0.177,ai:ai; gov:government
ART-00149,EVT-0050,IN-TN,Tamil Nadu signs MoU with an IIT for AI skilling,Mock Business Standard,https://example.com/mock/mock-business-standard/evt-0050-1,2026-01-23,google_news_rss,true,true,text,rules+semantic,0.056,ai:ai; gov:government
ART-00150,EVT-0050,IN-TN,Tamil Nadu signs MoU with an IIT for artificial intelligence skilling,Mock Tech Wire,https://example.com/mock/mock-tech-wire/evt-0050-2,2026-01-25,gdelt,true,false,text,rules+semantic,0.218,ai:ai; gov:government
ART-00151,EVT-0051,IN-DL,Delhi signs MoU with a state university for AI skilling,Mock Tech Wire,https://example.com/mock/mock-tech-wire/evt-0051-1,2026-06-16,gnews,true,true,text,rules+semantic,0.152,ai:ai; gov:government
ART-00152,EVT-0051,IN-DL,Delhi signs MoU with a state university for AI skilling - report,Mock Gov Review,https://example.com/mock/mock-gov-review/evt-0051-2,2026-06-16,gdelt,true,false,text,rules+semantic,0.157,ai:ai; gov:government
ART-00153,EVT-0052,IN-TG,AI pilot for revenue expands across Telangana districts,Mock Gov Review,https://example.com/mock/mock-gov-review/evt-0052-1,2026-05-11,gdelt,true,true,text,rules+semantic,0.057,ai:ai; gov:government
ART-00154,EVT-0052,IN-TG,AI pilot for revenue expands across Telangana districts,Mock Regional Post,https://example.com/mock/mock-regional-post/evt-0052-2,2026-05-11,gdelt,true,false,text,rules+semantic,0.065,ai:ai; gov:government
ART-00155,EVT-0052,IN-TG,AI pilot for revenue expands across Telangana districts - report,Mock Chronicle,https://example.com/mock/mock-chronicle/evt-0052-3,2026-05-12,gnews,true,false,text,rules+semantic,0.056,ai:ai; gov:government
ART-00156,EVT-0053,IN-TG,Telangana announces Rs 500 crore AI fund for startups,Mock Regional Post,https://example.com/mock/mock-regional-post/evt-0053-1,2026-06-09,gdelt,true,true,text,rules+semantic,0.098,ai:ai; gov:government
ART-00157,EVT-0054,IN-DL,Delhi partners a big-tech firm to build AI compute facility,Mock Chronicle,https://example.com/mock/mock-chronicle/evt-0054-1,2026-01-14,google_news_rss,true,true,text,rules+semantic,0.223,ai:ai; gov:government
ART-00158,EVT-0055,IN-KA,Karnataka floats tender for AI-based health system,Mock Herald,https://example.com/mock/mock-herald/evt-0055-1,2026-04-21,google_news_rss,true,true,text,rules+semantic,0.121,ai:ai; gov:government
ART-00159,EVT-0055,IN-KA,Karnataka floats tender for AI-based health system,Mock Daily,https://example.com/mock/mock-daily/evt-0055-2,2026-04-22,google_news_rss,true,false,text,rules+semantic,0.08,ai:ai; gov:government
ART-00160,EVT-0056,IN-TG,Telangana announces Rs 150 crore AI fund for startups,Mock Daily,https://example.com/mock/mock-daily/evt-0056-1,2026-09-20,gnews,true,true,text,rules+semantic,0.167,ai:ai; gov:government
ART-00161,EVT-0057,IN-TG,Telangana rolls out AI tool in agriculture department,Mock Times,https://example.com/mock/mock-times/evt-0057-1,2026-05-11,gdelt,true,true,text,rules+semantic,0.086,ai:ai; gov:government
ART-00162,EVT-0058,IN-TN,Tamil Nadu floats tender for AI-based health system,Mock Business Standard,https://example.com/mock/mock-business-standard/evt-0058-1,2026-02-09,gnews,true,true,text,rules+semantic,0.145,ai:ai; gov:government
ART-00164,EVT-0058,IN-TN,Tamil Nadu floats tender for AI-based health system - report,Mock Gov Review,https://example.com/mock/mock-gov-review/evt-0058-3,2026-02-10,gnews,true,false,text,rules+semantic,0.16,ai:ai; gov:government
ART-00163,EVT-0058,IN-TN,Explained: Tamil Nadu floats tender for AI-based health system,Mock Tech Wire,https://example.com/mock/mock-tech-wire/evt-0058-2,2026-02-11,google_news_rss,true,false,text,rules+semantic,0.145,ai:ai; gov:government
ART-00165,EVT-0059,IN-DL,Delhi partners a chipmaker to build AI compute facility,Mock Tech Wire,https://example.com/mock/mock-tech-wire/evt-0059-1,2026-06-23,google_news_rss,true,true,text,rules+semantic,0.178,ai:ai; gov:government
ART-00166,EVT-0060,IN-TG,"Telangana CM praises AI infrastructure, says state plans similar hub",Mock Gov Review,https://example.com/mock/mock-gov-review/evt-0060-1,2026-03-30,gdelt,true,true,text,rules+semantic,0.161,ai:ai; gov:government
ART-00167,EVT-0061,IN-KA,Karnataka launches state AI Mission with focus on public services,Mock Regional Post,https://example.com/mock/mock-regional-post/evt-0061-1,2026-01-29,gdelt,true,true,text,rules+semantic,0.05,ai:ai; gov:government
ART-00168,EVT-0061,IN-KA,Explained: Karnataka launches state AI Mission with focus on public services,Mock Chronicle,https://example.com/mock/mock-chronicle/evt-0061-2,2026-01-30,google_news_rss,true,false,text,rules+semantic,0.208,ai:ai; gov:government
ART-00169,EVT-0062,IN-TG,Telangana rolls out AI tool in education department,Mock Chronicle,https://example.com/mock/mock-chronicle/evt-0062-1,2026-04-07,google_news_rss,true,true,text,rules+semantic,0.157,ai:ai; gov:government
ART-00170,EVT-0062,IN-TG,Telangana rolls out AI tool in education department,Mock Herald,https://example.com/mock/mock-herald/evt-0062-2,2026-04-08,gnews,true,false,text,rules+semantic,0.208,ai:ai; gov:government
ART-00171,EVT-0063,IN-MH,"Maharashtra CM praises AI infrastructure, says state plans similar hub",Mock Herald,https://example.com/mock/mock-herald/evt-0063-1,2026-06-23,google_news_rss,true,true,text,rules+semantic,0.057,ai:ai; gov:government
ART-00172,EVT-0063,IN-MH,"Maharashtra CM praises artificial intelligence infrastructure, says state plans similar hub",Mock Daily,https://example.com/mock/mock-daily/evt-0063-2,2026-06-23,google_news_rss,true,false,text,rules+semantic,0.106,ai:ai; gov:government
ART-00174,EVT-0063,IN-MH,"Explained: Maharashtra CM praises AI infrastructure, says state plans similar hub",Mock Business Standard,https://example.com/mock/mock-business-standard/evt-0063-4,2026-06-23,google_news_rss,true,false,text,rules+semantic,0.292,ai:ai; gov:government
ART-00173,EVT-0063,IN-MH,"Maharashtra CM praises AI infrastructure, says state plans similar hub - report",Mock Times,https://example.com/mock/mock-times/evt-0063-3,2026-06-27,google_news_rss,true,false,text,rules+semantic,0.061,ai:ai; gov:government
ART-00175,EVT-0064,IN-TG,Telangana partners an AI startup consortium to build AI compute facility,Mock Daily,https://example.com/mock/mock-daily/evt-0064-1,2026-02-17,google_news_rss,true,true,text,rules+semantic,0.134,ai:ai; gov:government
ART-00176,EVT-0064,IN-TG,Telangana partners an AI startup consortium to build AI compute facility - report,Mock Times,https://example.com/mock/mock-times/evt-0064-2,2026-02-17,google_news_rss,true,false,text,rules+semantic,0.286,ai:ai; gov:government
ART-00177,EVT-0065,IN-CENTRAL,AI Centre of Excellence inaugurated in New Delhi,Mock Times,https://example.com/mock/mock-times/evt-0065-1,2026-09-17,gnews,true,true,text,rules+semantic,0.074,ai:ai; gov:government
ART-00178,EVT-0065,IN-CENTRAL,AI Centre of Excellence inaugurated in New Delhi - report,Mock Business Standard,https://example.com/mock/mock-business-standard/evt-0065-2,2026-09-19,google_news_rss,true,false,text,rules+semantic,0.087,ai:ai; gov:government
ART-00179,EVT-0065,IN-CENTRAL,AI Centre of Excellence inaugurated in New Delhi - report,Mock Tech Wire,https://example.com/mock/mock-tech-wire/evt-0065-3,2026-09-21,gdelt,true,false,text,rules+semantic,0.051,ai:ai; gov:government
ART-00180,EVT-0066,IN-MH,Maharashtra police issue advisory on deepfakes,Mock Business Standard,https://example.com/mock/mock-business-standard/evt-0066-1,2026-04-10,google_news_rss,true,true,text,rules+semantic,0.242,ai:ai; gov:government
ART-00181,EVT-0066,IN-MH,Maharashtra police issue advisory on deepfakes,Mock Tech Wire,https://example.com/mock/mock-tech-wire/evt-0066-2,2026-04-14,google_news_rss,true,false,text,rules+semantic,0.252,ai:ai; gov:government
ART-00182,EVT-0067,IN-KA,AI pilot for urban expands across Karnataka districts,Mock Tech Wire,https://example.com/mock/mock-tech-wire/evt-0067-1,2026-03-05,gnews,true,true,text,rules+semantic,0.078,ai:ai; gov:government
ART-00183,EVT-0068,IN-GJ,"Gujarat CM praises AI infrastructure, says state plans similar hub",Mock Gov Review,https://example.com/mock/mock-gov-review/evt-0068-1,2026-05-01,google_news_rss,true,true,text,rules+semantic,0.123,ai:ai; gov:government
ART-00184,EVT-0068,IN-GJ,"Explained: Gujarat CM praises AI infrastructure, says state plans similar hub",Mock Regional Post,https://example.com/mock/mock-regional-post/evt-0068-2,2026-05-01,google_news_rss,true,false,text,rules+semantic,0.076,ai:ai; gov:government
ART-00185,EVT-0069,IN-GJ,Gujarat rolls out AI tool in health department,Mock Regional Post,https://example.com/mock/mock-regional-post/evt-0069-1,2026-08-05,google_news_rss,true,true,text,rules+semantic,0.052,ai:ai; gov:government
ART-00186,EVT-0070,IN-KA,"Karnataka CM praises AI infrastructure, says state plans similar hub",Mock Chronicle,https://example.com/mock/mock-chronicle/evt-0070-1,2026-03-15,google_news_rss,true,true,text,rules+semantic,0.188,ai:ai; gov:government
ART-00187,EVT-0070,IN-KA,"Karnataka CM praises AI infrastructure, says state plans similar hub",Mock Herald,https://example.com/mock/mock-herald/evt-0070-2,2026-03-15,gnews,true,false,text,rules+semantic,0.293,ai:ai; gov:government
ART-00188,EVT-0070,IN-KA,"Karnataka CM praises AI infrastructure, says state plans similar hub",Mock Daily,https://example.com/mock/mock-daily/evt-0070-3,2026-03-15,gdelt,true,false,text,rules+semantic,0.267,ai:ai; gov:government
ART-00189,EVT-0071,IN-CENTRAL,Centre signs MoU with an IIIT for AI skilling,Mock Herald,https://example.com/mock/mock-herald/evt-0071-1,2026-06-26,google_news_rss,true,true,text,rules+semantic,0.075,ai:ai; gov:government
ART-00192,EVT-0071,IN-CENTRAL,Centre signs MoU with an IIIT for artificial intelligence skilling,Mock Business Standard,https://example.com/mock/mock-business-standard/evt-0071-4,2026-06-26,google_news_rss,true,false,text,rules+semantic,0.116,ai:ai; gov:government
ART-00190,EVT-0071,IN-CENTRAL,Explained: Centre signs MoU with an IIIT for AI skilling,Mock Daily,https://example.com/mock/mock-daily/evt-0071-2,2026-06-27,google_news_rss,true,false,text,rules+semantic,0.256,ai:ai; gov:government
ART-00191,EVT-0071,IN-CENTRAL,Centre signs MoU with an IIIT for artificial intelligence skilling,Mock Times,https://example.com/mock/mock-times/evt-0071-3,2026-06-28,google_news_rss,true,false,text,rules+semantic,0.251,ai:ai; gov:government
ART-00193,EVT-0072,IN-DL,Delhi partners a big-tech firm to build AI compute facility,Mock Daily,https://example.com/mock/mock-daily/evt-0072-1,2026-08-31,google_news_rss,true,true,text,rules+semantic,0.265,ai:ai; gov:government
ART-00194,EVT-0073,IN-GJ,AI pilot for revenue expands across Gujarat districts,Mock Times,https://example.com/mock/mock-times/evt-0073-1,2026-09-12,gnews,true,true,text,rules+semantic,0.109,ai:ai; gov:government
ART-00195,EVT-0073,IN-GJ,AI pilot for revenue expands across Gujarat districts,Mock Business Standard,https://example.com/mock/mock-business-standard/evt-0073-2,2026-09-12,google_news_rss,true,false,text,rules+semantic,0.152,ai:ai; gov:government
ART-00196,EVT-0073,IN-GJ,Explained: AI pilot for revenue expands across Gujarat districts,Mock Tech Wire,https://example.com/mock/mock-tech-wire/evt-0073-3,2026-09-12,google_news_rss,true,false,text,rules+semantic,0.067,ai:ai; gov:government
ART-00199,EVT-0073,IN-GJ,Explained: AI pilot for revenue expands across Gujarat districts,Mock Chronicle,https://example.com/mock/mock-chronicle/evt-0073-6,2026-09-12,gnews,true,false,text,rules+semantic,0.3,ai:ai; gov:government
ART-00197,EVT-0073,IN-GJ,Explained: AI pilot for revenue expands across Gujarat districts,Mock Gov Review,https://example.com/mock/mock-gov-review/evt-0073-4,2026-09-13,google_news_rss,true,false,text,rules+semantic,0.156,ai:ai; gov:government
ART-00198,EVT-0073,IN-GJ,AI pilot for revenue expands across Gujarat districts - report,Mock Regional Post,https://example.com/mock/mock-regional-post/evt-0073-5,2026-09-14,gdelt,true,false,text,rules+semantic,0.131,ai:ai; gov:government
ART-00200,EVT-0074,IN-MH,Maharashtra signs MoU with an IIT for AI skilling,Mock Business Standard,https://example.com/mock/mock-business-standard/evt-0074-1,2026-08-13,google_news_rss,true,true,text,rules+semantic,0.134,ai:ai; gov:government
ART-00201,EVT-0075,IN-MH,"Maharashtra CM praises AI infrastructure, says state plans similar hub",Mock Tech Wire,https://example.com/mock/mock-tech-wire/evt-0075-1,2026-07-07,google_news_rss,true,true,text,rules+semantic,0.047,ai:ai; gov:government
ART-00202,EVT-0076,IN-TN,"Tamil Nadu CM praises AI infrastructure, says state plans similar hub",Mock Gov Review,https://example.com/mock/mock-gov-review/evt-0076-1,2026-04-20,gdelt,true,true,text,rules+semantic,0.092,ai:ai; gov:government
ART-00203,EVT-0077,IN-TN,"Tamil Nadu CM praises AI infrastructure, says state plans similar hub",Mock Regional Post,https://example.com/mock/mock-regional-post/evt-0077-1,2026-06-13,google_news_rss,true,true,text,rules+semantic,0.272,ai:ai; gov:government
ART-00204,EVT-0077,IN-TN,"Tamil Nadu CM praises AI infrastructure, says state plans similar hub - report",Mock Chronicle,https://example.com/mock/mock-chronicle/evt-0077-2,2026-06-13,google_news_rss,true,false,text,rules+semantic,0.172,ai:ai; gov:government
ART-00205,EVT-0078,IN-GJ,Gujarat partners a chipmaker to build AI compute facility,Mock Chronicle,https://example.com/mock/mock-chronicle/evt-0078-1,2026-03-08,gdelt,true,true,text,rules+semantic,0.3,ai:ai; gov:government
ART-00206,EVT-0079,IN-GJ,Gujarat floats tender for AI-based agriculture system,Mock Herald,https://example.com/mock/mock-herald/evt-0079-1,2026-08-27,gnews,true,true,text,rules+semantic,0.206,ai:ai; gov:government
ART-00207,EVT-0080,IN-TN,"Tamil Nadu CM praises AI infrastructure, says state plans similar hub",Mock Daily,https://example.com/mock/mock-daily/evt-0080-1,2026-06-05,google_news_rss,true,true,text,rules+semantic,0.13,ai:ai; gov:government
ART-00208,EVT-0080,IN-TN,"Explained: Tamil Nadu CM praises AI infrastructure, says state plans similar hub",Mock Times,https://example.com/mock/mock-times/evt-0080-2,2026-06-09,google_news_rss,true,false,text,rules+semantic,0.105,ai:ai; gov:government
ART-00209,EVT-0080,IN-TN,"Explained: Tamil Nadu CM praises AI infrastructure, says state plans similar hub",Mock Business Standard,https://example.com/mock/mock-business-standard/evt-0080-3,2026-06-09,google_news_rss,true,false,text,rules+semantic,0.203,ai:ai; gov:government
ART-00210,EVT-0080,IN-TN,"Tamil Nadu CM praises AI infrastructure, says state plans similar hub",Mock Tech Wire,https://example.com/mock/mock-tech-wire/evt-0080-4,2026-06-09,gnews,true,false,text,rules+semantic,0.207,ai:ai; gov:government
ART-00211,EVT-0080,IN-TN,"Tamil Nadu CM praises AI infrastructure, says state plans similar hub - report",Mock Gov Review,https://example.com/mock/mock-gov-review/evt-0080-5,2026-06-09,google_news_rss,true,false,text,rules+semantic,0.211,ai:ai; gov:government
ART-00212,EVT-0080,IN-TN,"Explained: Tamil Nadu CM praises AI infrastructure, says state plans similar hub",Mock Regional Post,https://example.com/mock/mock-regional-post/evt-0080-6,2026-06-09,gnews,true,false,text,rules+semantic,0.051,ai:ai; gov:government
